{
    "root_group": {
        "name": "",
        "path": "",
        "id": "d41d8cd98f00b204e9800998ecf8427e",
        "groups": {},
        "checks": {
                "status is 200": {
                    "name": "status is 200",
                    "path": "::status is 200",
                    "id": "6210a8cd14cd70477eba5c5e4cb3fb5f",
                    "passes": 2750,
                    "fails": 0
                },
                "body contains rows": {
                    "name": "body contains rows",
                    "path": "::body contains rows",
                    "id": "dfa91d6082908b8c431af420b9aec2df",
                    "passes": 2750,
                    "fails": 0
                }
            }
    },
    "metrics": {
        "data_received": {
            "count": 1212750,
            "rate": 19968.59637517887
        },
        "http_req_duration{expected_response:true}": {
            "max": 524.1418,
            "avg": 99.95714407272727,
            "min": 53.6895,
            "med": 93.34555,
            "p(90)": 112.07707999999998,
            "p(95)": 127.73297499999995,
            "p(99)": 360.8872189999998
        },
        "vus_max": {
            "value": 50,
            "min": 50,
            "max": 50
        },
        "vus": {
            "value": 50,
            "min": 50,
            "max": 50
        },
        "iterations": {
            "count": 2750,
            "rate": 45.28026388929449
        },
        "http_req_failed": {
            "passes": 0,
            "fails": 2750,
            "thresholds": {
                "rate<0.01": false
            },
            "value": 0
        },
        "http_req_tls_handshaking": {
            "avg": 0,
            "min": 0,
            "med": 0,
            "p(90)": 0,
            "p(95)": 0,
            "p(99)": 0,
            "max": 0
        },
        "data_sent": {
            "count": 415250,
            "rate": 6837.319847283468
        },
        "iteration_duration": {
            "min": 1054.7128,
            "med": 1094.90305,
            "p(90)": 1113.71021,
            "p(95)": 1130.443695,
            "p(99)": 1362.4962799999998,
            "max": 1525.3566,
            "avg": 1101.5541388000004
        },
        "http_req_duration": {
            "p(95)": 127.73297499999995,
            "p(99)": 360.8872189999998,
            "max": 524.1418,
            "avg": 99.95714407272727,
            "min": 53.6895,
            "med": 93.34555,
            "p(90)": 112.07707999999998,
            "thresholds": {
                "p(95)<2000": false
            }
        },
        "http_req_blocked": {
            "p(99)": 1.1157,
            "max": 3.785,
            "avg": 0.023519490909090914,
            "min": 0,
            "med": 0,
            "p(90)": 0,
            "p(95)": 0
        },
        "http_req_receiving": {
            "p(95)": 0.6030549999999995,
            "p(99)": 1.2014319999999874,
            "max": 6.8545,
            "avg": 0.1368092363636366,
            "min": 0,
            "med": 0,
            "p(90)": 0.5555
        },
        "checks": {
            "passes": 5500,
            "fails": 0,
            "value": 1
        },
        "http_req_connecting": {
            "p(90)": 0,
            "p(95)": 0,
            "p(99)": 0.5985,
            "max": 2.9217,
            "avg": 0.017381490909090917,
            "min": 0,
            "med": 0
        },
        "http_req_waiting": {
            "avg": 99.80890396363644,
            "min": 53.6895,
            "med": 93.30935,
            "p(90)": 111.78859999999999,
            "p(95)": 127.73297499999995,
            "p(99)": 359.7649829999999,
            "max": 523.1084
        },
        "http_reqs": {
            "count": 2750,
            "rate": 45.28026388929449
        },
        "http_req_sending": {
            "p(90)": 0,
            "p(95)": 0,
            "p(99)": 0.5266789999999993,
            "max": 2.784,
            "avg": 0.01143087272727273,
            "min": 0,
            "med": 0
        }
    }
}