{
    "metrics": {
        "http_req_sending": {
            "avg": 0.022790689655172416,
            "min": 0,
            "med": 0,
            "p(90)": 0,
            "p(95)": 0,
            "p(99)": 0.529,
            "max": 3.6944
        },
        "http_req_receiving": {
            "med": 0,
            "p(90)": 0.5313,
            "p(95)": 0.5611,
            "p(99)": 0.748764,
            "max": 1.5082,
            "avg": 0.13373627586206893,
            "min": 0
        },
        "vus": {
            "value": 50,
            "min": 50,
            "max": 50
        },
        "checks": {
            "passes": 2900,
            "fails": 0,
            "value": 1
        },
        "http_req_waiting": {
            "p(99)": 223.75924199999994,
            "max": 265.6241,
            "avg": 64.84850268965516,
            "min": 29.7583,
            "med": 60.2941,
            "p(90)": 70.21078000000001,
            "p(95)": 77.04836999999999
        },
        "http_req_duration{expected_response:true}": {
            "p(99)": 223.75924199999994,
            "max": 265.6241,
            "avg": 65.00502965517242,
            "min": 30.2924,
            "med": 60.35495,
            "p(90)": 70.26747,
            "p(95)": 77.19471499999999
        },
        "http_req_blocked": {
            "p(95)": 0,
            "p(99)": 2.4842,
            "max": 5.447,
            "avg": 0.05891682758620688,
            "min": 0,
            "med": 0,
            "p(90)": 0
        },
        "iterations": {
            "rate": 46.82074000948091,
            "count": 1450
        },
        "http_req_tls_handshaking": {
            "min": 0,
            "med": 0,
            "p(90)": 0,
            "p(95)": 0,
            "p(99)": 0,
            "max": 0,
            "avg": 0
        },
        "data_sent": {
            "count": 227650,
            "rate": 7350.856181488503
        },
        "iteration_duration": {
            "min": 1030.5106,
            "med": 1060.8258999999998,
            "p(90)": 1070.81355,
            "p(95)": 1077.68926,
            "p(99)": 1226.153759,
            "max": 1267.9786,
            "avg": 1065.5043319310364
        },
        "http_req_duration": {
            "p(95)": 77.19471499999999,
            "p(99)": 223.75924199999994,
            "max": 265.6241,
            "avg": 65.00502965517242,
            "min": 30.2924,
            "med": 60.35495,
            "p(90)": 70.26747,
            "thresholds": {
                "p(95)<2000": false
            }
        },
        "data_received": {
            "count": 1018283,
            "rate": 32880.526620051205
        },
        "http_reqs": {
            "count": 1450,
            "rate": 46.82074000948091
        },
        "http_req_connecting": {
            "min": 0,
            "med": 0,
            "p(90)": 0,
            "p(95)": 0,
            "p(99)": 1.4139,
            "max": 4.5955,
            "avg": 0.04422503448275863
        },
        "vus_max": {
            "value": 50,
            "min": 50,
            "max": 50
        },
        "http_req_failed": {
            "passes": 0,
            "fails": 1450,
            "thresholds": {
                "rate<0.01": false
            },
            "value": 0
        }
    },
    "root_group": {
        "name": "",
        "path": "",
        "id": "d41d8cd98f00b204e9800998ecf8427e",
        "groups": {},
        "checks": {
                "status is 200": {
                    "name": "status is 200",
                    "path": "::status is 200",
                    "id": "6210a8cd14cd70477eba5c5e4cb3fb5f",
                    "passes": 1450,
                    "fails": 0
                },
                "body contains rows": {
                    "path": "::body contains rows",
                    "id": "dfa91d6082908b8c431af420b9aec2df",
                    "passes": 1450,
                    "fails": 0,
                    "name": "body contains rows"
                }
            }
    }
}