{
    "root_group": {
        "name": "",
        "path": "",
        "id": "d41d8cd98f00b204e9800998ecf8427e",
        "groups": {},
        "checks": {
                "status is 200": {
                    "name": "status is 200",
                    "path": "::status is 200",
                    "id": "6210a8cd14cd70477eba5c5e4cb3fb5f",
                    "passes": 2800,
                    "fails": 0
                },
                "body contains rows": {
                    "name": "body contains rows",
                    "path": "::body contains rows",
                    "id": "dfa91d6082908b8c431af420b9aec2df",
                    "passes": 2800,
                    "fails": 0
                }
            }
    },
    "metrics": {
        "vus_max": {
            "min": 50,
            "max": 50,
            "value": 50
        },
        "checks": {
            "passes": 5600,
            "fails": 0,
            "value": 1
        },
        "data_sent": {
            "count": 439600,
            "rate": 7283.890586697802
        },
        "http_req_failed": {
            "passes": 0,
            "fails": 2800,
            "thresholds": {
                "rate<0.01": false
            },
            "value": 0
        },
        "http_reqs": {
            "rate": 46.394207558584725,
            "count": 2800
        },
        "http_req_connecting": {
            "min": 0,
            "med": 0,
            "p(90)": 0,
            "p(95)": 0,
            "p(99)": 2.3553,
            "max": 4.0248,
            "avg": 0.042023749999999985
        },
        "http_req_receiving": {
            "p(99)": 1.000002,
            "max": 4.8873,
            "avg": 0.10446028571428573,
            "min": 0,
            "med": 0,
            "p(90)": 0.5225,
            "p(95)": 0.5628099999999999
        },
        "http_req_tls_handshaking": {
            "p(90)": 0,
            "p(95)": 0,
            "p(99)": 0,
            "max": 0,
            "avg": 0,
            "min": 0,
            "med": 0
        },
        "http_req_sending": {
            "med": 0,
            "p(90)": 0,
            "p(95)": 0,
            "p(99)": 0.5119059999999999,
            "max": 1.2655,
            "avg": 0.007944142857142858,
            "min": 0
        },
        "iterations": {
            "count": 2800,
            "rate": 46.394207558584725
        },
        "data_received": {
            "count": 1965464,
            "rate": 32566.480273187917
        },
        "http_req_duration{expected_response:true}": {
            "p(90)": 77.44584,
            "p(95)": 88.7095,
            "p(99)": 531.2270739999999,
            "max": 619.9748,
            "avg": 74.84875442857145,
            "min": 28.9684,
            "med": 65.43955
        },
        "http_req_blocked": {
            "p(95)": 0,
            "p(99)": 2.3553,
            "max": 4.0248,
            "avg": 0.04623060714285713,
            "min": 0,
            "med": 0,
            "p(90)": 0
        },
        "iteration_duration": {
            "avg": 1076.3002118214258,
            "min": 1029.6343,
            "med": 1066.6951,
            "p(90)": 1080.28219,
            "p(95)": 1091.0022999999999,
            "p(99)": 1534.3422,
            "max": 1621.9307
        },
        "http_req_duration": {
            "max": 619.9748,
            "avg": 74.84875442857145,
            "min": 28.9684,
            "med": 65.43955,
            "p(90)": 77.44584,
            "p(95)": 88.7095,
            "p(99)": 531.2270739999999,
            "thresholds": {
                "p(95)<2000": false
            }
        },
        "http_req_waiting": {
            "min": 28.9684,
            "med": 65.33715000000001,
            "p(90)": 77.11778999999999,
            "p(95)": 88.58219999999997,
            "p(99)": 531.2270739999999,
            "max": 619.9748,
            "avg": 74.73635000000014
        },
        "vus": {
            "min": 50,
            "max": 50,
            "value": 50
        }
    }
}