{
    "root_group": {
        "path": "",
        "id": "d41d8cd98f00b204e9800998ecf8427e",
        "groups": {},
        "checks": {
                "status is 200": {
                    "passes": 19,
                    "fails": 0,
                    "name": "status is 200",
                    "path": "::status is 200",
                    "id": "6210a8cd14cd70477eba5c5e4cb3fb5f"
                },
                "business code is 1000": {
                    "fails": 19,
                    "name": "business code is 1000",
                    "path": "::business code is 1000",
                    "id": "5edf4452cfb54426124b5821315eb5b5",
                    "passes": 0
                },
                "judge payload is valid": {
                    "name": "judge payload is valid",
                    "path": "::judge payload is valid",
                    "id": "cbf26387da78175465e2a6d9347babd4",
                    "passes": 0,
                    "fails": 19
                }
            },
        "name": ""
    },
    "metrics": {
        "http_req_connecting": {
            "max": 1.0338,
            "avg": 0.05441052631578948,
            "min": 0,
            "med": 0,
            "p(90)": 0,
            "p(95)": 0.10337999999999781,
            "p(99)": 0.8477160000000004
        },
        "http_reqs": {
            "count": 19,
            "rate": 3.67292061948639
        },
        "http_req_receiving": {
            "med": 0,
            "p(90)": 0.6255200000000001,
            "p(95)": 0.6704399999999993,
            "p(99)": 0.9097680000000001,
            "max": 0.9696,
            "avg": 0.2571473684210526,
            "min": 0
        },
        "iterations": {
            "count": 19,
            "rate": 3.67292061948639
        },
        "vus": {
            "max": 1,
            "value": 1,
            "min": 1
        },
        "http_req_failed": {
            "passes": 0,
            "fails": 19,
            "thresholds": {
                "rate<0.01": false
            },
            "value": 0
        },
        "iteration_duration": {
            "max": 603.8293,
            "avg": 272.22520000000003,
            "min": 181.3199,
            "med": 242.0682,
            "p(90)": 364.99875999999983,
            "p(95)": 520.9300299999998,
            "p(99)": 587.249446
        },
        "http_req_tls_handshaking": {
            "max": 0,
            "avg": 0,
            "min": 0,
            "med": 0,
            "p(90)": 0,
            "p(95)": 0,
            "p(99)": 0
        },
        "http_req_sending": {
            "max": 0.5229,
            "avg": 0.02752105263157895,
            "min": 0,
            "med": 0,
            "p(90)": 0,
            "p(95)": 0.052289999999998886,
            "p(99)": 0.42877800000000016
        },
        "data_received": {
            "count": 3591,
            "rate": 694.1819970829278
        },
        "http_req_duration{expected_response:true}": {
            "p(99)": 585.028394,
            "max": 601.1207,
            "avg": 271.8908894736843,
            "min": 180.8163,
            "med": 242.0682,
            "p(90)": 364.99875999999983,
            "p(95)": 520.6591699999998
        },
        "data_sent": {
            "rate": 1755.6560561144945,
            "count": 9082
        },
        "http_req_duration": {
            "p(90)": 364.99875999999983,
            "p(95)": 520.6591699999998,
            "p(99)": 585.028394,
            "max": 601.1207,
            "avg": 271.8908894736843,
            "min": 180.8163,
            "med": 242.0682,
            "thresholds": {
                "p(95)<15000": false
            }
        },
        "http_req_waiting": {
            "p(99)": 584.5341480000001,
            "max": 600.7308,
            "avg": 271.6062210526316,
            "min": 180.8163,
            "med": 242.0682,
            "p(90)": 364.3273199999999,
            "p(95)": 519.7475399999998
        },
        "http_req_blocked": {
            "p(95)": 0.1549099999999967,
            "p(99)": 1.2702620000000004,
            "max": 1.5491,
            "avg": 0.08153157894736841,
            "min": 0,
            "med": 0,
            "p(90)": 0
        },
        "checks": {
            "passes": 19,
            "fails": 38,
            "value": 0.3333333333333333
        },
        "vus_max": {
            "value": 1,
            "min": 1,
            "max": 1
        }
    }
}