{
    "root_group": {
        "name": "",
        "path": "",
        "id": "d41d8cd98f00b204e9800998ecf8427e",
        "groups": {},
        "checks": {
                "status is 200": {
                    "id": "6210a8cd14cd70477eba5c5e4cb3fb5f",
                    "passes": 32,
                    "fails": 0,
                    "name": "status is 200",
                    "path": "::status is 200"
                },
                "business code is 1000": {
                    "fails": 32,
                    "name": "business code is 1000",
                    "path": "::business code is 1000",
                    "id": "5edf4452cfb54426124b5821315eb5b5",
                    "passes": 0
                },
                "judge payload is valid": {
                    "fails": 32,
                    "name": "judge payload is valid",
                    "path": "::judge payload is valid",
                    "id": "cbf26387da78175465e2a6d9347babd4",
                    "passes": 0
                }
            }
    },
    "metrics": {
        "http_req_waiting": {
            "p(99)": 164.473788,
            "max": 166.4532,
            "avg": 95.62530312499999,
            "min": 43.1126,
            "med": 96.61185,
            "p(90)": 123.72293000000002,
            "p(95)": 146.81189999999998
        },
        "checks": {
            "passes": 32,
            "fails": 64,
            "value": 0.3333333333333333
        },
        "vus": {
            "value": 1,
            "min": 1,
            "max": 1
        },
        "http_req_duration": {
            "med": 96.65899999999999,
            "p(90)": 124.65349000000003,
            "p(95)": 147.01872,
            "p(99)": 164.61626400000003,
            "max": 166.4532,
            "avg": 95.86720937500002,
            "min": 43.1126,
            "thresholds": {
                "p(95)<15000": false
            }
        },
        "http_req_receiving": {
            "min": 0,
            "med": 0,
            "p(90)": 0.7441700000000001,
            "p(95)": 0.8253249999999999,
            "p(99)": 0.9457560000000002,
            "max": 0.9775,
            "avg": 0.24190625000000002
        },
        "http_req_tls_handshaking": {
            "med": 0,
            "p(90)": 0,
            "p(95)": 0,
            "p(99)": 0,
            "max": 0,
            "avg": 0,
            "min": 0
        },
        "iterations": {
            "count": 32,
            "rate": 10.405927762764879
        },
        "http_req_failed": {
            "passes": 0,
            "fails": 32,
            "thresholds": {
                "rate<0.01": false
            },
            "value": 0
        },
        "http_req_duration{expected_response:true}": {
            "avg": 95.86720937500002,
            "min": 43.1126,
            "med": 96.65899999999999,
            "p(90)": 124.65349000000003,
            "p(95)": 147.01872,
            "p(99)": 164.61626400000003,
            "max": 166.4532
        },
        "vus_max": {
            "value": 1,
            "min": 1,
            "max": 1
        },
        "data_sent": {
            "count": 15296,
            "rate": 4974.033470601612
        },
        "http_reqs": {
            "rate": 10.405927762764879,
            "count": 32
        },
        "http_req_connecting": {
            "p(90)": 0,
            "p(95)": 0,
            "p(99)": 0.7122180000000014,
            "max": 1.0322,
            "avg": 0.03225625,
            "min": 0,
            "med": 0
        },
        "http_req_blocked": {
            "avg": 0.03225625,
            "min": 0,
            "med": 0,
            "p(90)": 0,
            "p(95)": 0,
            "p(99)": 0.7122180000000014,
            "max": 1.0322
        },
        "iteration_duration": {
            "min": 43.1126,
            "med": 96.65899999999999,
            "p(90)": 124.71207000000003,
            "p(95)": 147.01872,
            "p(99)": 166.201815,
            "max": 168.7511,
            "avg": 96.06769375
        },
        "http_req_sending": {
            "max": 0,
            "avg": 0,
            "min": 0,
            "med": 0,
            "p(90)": 0,
            "p(95)": 0,
            "p(99)": 0
        },
        "data_received": {
            "count": 6048,
            "rate": 1966.7203471625621
        }
    }
}