{
    "root_group": {
        "name": "",
        "path": "",
        "id": "d41d8cd98f00b204e9800998ecf8427e",
        "groups": {},
        "checks": {
                "status is 200": {
                    "id": "6210a8cd14cd70477eba5c5e4cb3fb5f",
                    "passes": 1060,
                    "fails": 0,
                    "name": "status is 200",
                    "path": "::status is 200"
                },
                "business code is 1000": {
                    "passes": 1060,
                    "fails": 0,
                    "name": "business code is 1000",
                    "path": "::business code is 1000",
                    "id": "5edf4452cfb54426124b5821315eb5b5"
                },
                "sync or async payload is valid": {
                    "name": "sync or async payload is valid",
                    "path": "::sync or async payload is valid",
                    "id": "e3de00f2012d8323284ab3a74573e3ac",
                    "passes": 1060,
                    "fails": 0
                }
            }
    },
    "metrics": {
        "http_req_blocked": {
            "p(99)": 1.9205,
            "max": 3.0375,
            "avg": 0.03134905660377359,
            "min": 0,
            "med": 0,
            "p(90)": 0,
            "p(95)": 0
        },
        "data_sent": {
            "count": 585120,
            "rate": 9720.055184437175
        },
        "iteration_duration": {
            "p(99)": 1512.4993900000002,
            "max": 1686.4546,
            "avg": 1134.5062576415075,
            "min": 1060.0057,
            "med": 1111.6457500000001,
            "p(90)": 1191.2535300000002,
            "p(95)": 1299.120675
        },
        "http_req_tls_handshaking": {
            "med": 0,
            "p(90)": 0,
            "p(95)": 0,
            "p(99)": 0,
            "max": 0,
            "avg": 0,
            "min": 0
        },
        "http_req_waiting": {
            "p(99)": 511.7567700000001,
            "max": 683.6089,
            "avg": 133.44724933962254,
            "min": 58.8791,
            "med": 110.94295,
            "p(90)": 189.05792000000002,
            "p(95)": 298.6089849999999
        },
        "http_req_receiving": {
            "med": 0,
            "p(90)": 0.5434,
            "p(95)": 0.5844999999999999,
            "p(99)": 1.0045330000000001,
            "max": 4.4144,
            "avg": 0.18846632075471692,
            "min": 0
        },
        "http_req_sending": {
            "p(95)": 0,
            "p(99)": 0.5745240000000029,
            "max": 0.6491,
            "avg": 0.010781415094339622,
            "min": 0,
            "med": 0,
            "p(90)": 0
        },
        "http_req_connecting": {
            "max": 3.0375,
            "avg": 0.023292641509433967,
            "min": 0,
            "med": 0,
            "p(90)": 0,
            "p(95)": 0,
            "p(99)": 0.951552000000071
        },
        "vus": {
            "value": 20,
            "min": 20,
            "max": 20
        },
        "http_reqs": {
            "count": 1060,
            "rate": 17.608795623980388
        },
        "checks": {
            "passes": 3180,
            "fails": 0,
            "value": 1
        },
        "iterations": {
            "count": 1060,
            "rate": 17.608795623980388
        },
        "vus_max": {
            "min": 20,
            "max": 20,
            "value": 20
        },
        "http_req_duration": {
            "p(99)": 511.9695190000001,
            "max": 683.6089,
            "avg": 133.64649707547167,
            "min": 59.4674,
            "med": 111.1991,
            "p(90)": 190.01940000000002,
            "p(95)": 298.6320699999999,
            "thresholds": {
                "p(95)<5000": false
            }
        },
        "http_req_duration{expected_response:true}": {
            "p(99)": 511.9695190000001,
            "max": 683.6089,
            "avg": 133.64649707547167,
            "min": 59.4674,
            "med": 111.1991,
            "p(90)": 190.01940000000002,
            "p(95)": 298.6320699999999
        },
        "data_received": {
            "count": 251760,
            "rate": 4182.255081408776
        },
        "http_req_failed": {
            "passes": 0,
            "fails": 1060,
            "thresholds": {
                "rate<0.01": false
            },
            "value": 0
        }
    }
}