{
    "root_group": {
        "groups": {},
        "checks": {
                "status is 200": {
                    "name": "status is 200",
                    "path": "::status is 200",
                    "id": "6210a8cd14cd70477eba5c5e4cb3fb5f",
                    "passes": 5,
                    "fails": 0
                },
                "business code is 1000": {
                    "path": "::business code is 1000",
                    "id": "5edf4452cfb54426124b5821315eb5b5",
                    "passes": 0,
                    "fails": 5,
                    "name": "business code is 1000"
                },
                "sync or async payload is valid": {
                    "name": "sync or async payload is valid",
                    "path": "::sync or async payload is valid",
                    "id": "e3de00f2012d8323284ab3a74573e3ac",
                    "passes": 0,
                    "fails": 5
                }
            },
        "name": "",
        "path": "",
        "id": "d41d8cd98f00b204e9800998ecf8427e"
    },
    "metrics": {
        "vus": {
            "min": 1,
            "max": 1,
            "value": 1
        },
        "http_req_waiting": {
            "p(90)": 78.55788000000001,
            "p(95)": 91.63134,
            "p(99)": 102.09010799999999,
            "max": 104.7048,
            "avg": 44.3459,
            "min": 20.3812,
            "med": 35.7192
        },
        "vus_max": {
            "value": 1,
            "min": 1,
            "max": 1
        },
        "iteration_duration": {
            "med": 1036.1669,
            "p(90)": 1080.1211799999999,
            "p(95)": 1092.53994,
            "p(99)": 1102.4749479999998,
            "max": 1104.9587,
            "avg": 1045.41856,
            "min": 1021.4313
        },
        "http_req_duration{expected_response:true}": {
            "med": 35.7192,
            "p(90)": 78.98568,
            "p(95)": 91.84523999999999,
            "p(99)": 102.13288800000001,
            "max": 104.7048,
            "avg": 44.5598,
            "min": 20.3812
        },
        "http_req_duration": {
            "p(95)": 91.84523999999999,
            "p(99)": 102.13288800000001,
            "max": 104.7048,
            "avg": 44.5598,
            "min": 20.3812,
            "med": 35.7192,
            "p(90)": 78.98568,
            "thresholds": {
                "p(95)<5000": false
            }
        },
        "http_reqs": {
            "count": 5,
            "rate": 0.956554664573776
        },
        "iterations": {
            "rate": 0.956554664573776,
            "count": 5
        },
        "http_req_sending": {
            "p(99)": 0.5200319999999999,
            "max": 0.5417,
            "avg": 0.10833999999999999,
            "min": 0,
            "med": 0,
            "p(90)": 0.32502000000000003,
            "p(95)": 0.43335999999999986
        },
        "http_req_receiving": {
            "avg": 0.10556000000000001,
            "min": 0,
            "med": 0,
            "p(90)": 0.3166800000000001,
            "p(95)": 0.42223999999999995,
            "p(99)": 0.506688,
            "max": 0.5278
        },
        "http_req_failed": {
            "passes": 0,
            "fails": 5,
            "thresholds": {
                "rate<0.01": false
            },
            "value": 0
        },
        "data_received": {
            "count": 955,
            "rate": 182.70194093359123
        },
        "http_req_blocked": {
            "avg": 0.2064,
            "min": 0,
            "med": 0,
            "p(90)": 0.6192000000000001,
            "p(95)": 0.8255999999999999,
            "p(99)": 0.99072,
            "max": 1.032
        },
        "http_req_connecting": {
            "avg": 0.2064,
            "min": 0,
            "med": 0,
            "p(90)": 0.6192000000000001,
            "p(95)": 0.8255999999999999,
            "p(99)": 0.99072,
            "max": 1.032
        },
        "http_req_tls_handshaking": {
            "avg": 0,
            "min": 0,
            "med": 0,
            "p(90)": 0,
            "p(95)": 0,
            "p(99)": 0,
            "max": 0
        },
        "checks": {
            "passes": 5,
            "fails": 10,
            "value": 0.3333333333333333
        },
        "data_sent": {
            "count": 2760,
            "rate": 528.0181748447244
        }
    }
}