{
    "metrics": {
        "http_req_receiving": {
            "med": 0,
            "p(90)": 0.95462,
            "p(95)": 1.1577199999999985,
            "p(99)": 1.8416699999999981,
            "max": 2.0132,
            "avg": 0.2953742857142857,
            "min": 0
        },
        "http_req_duration{expected_response:true}": {
            "min": 3042.8857,
            "med": 54923.707,
            "p(90)": 59143.22421,
            "p(95)": 59671.90685,
            "p(99)": 59794.233153,
            "max": 59804.0295,
            "avg": 33810.69472941177
        },
        "http_req_blocked": {
            "p(95)": 2.0944,
            "p(99)": 2.0944,
            "max": 2.0944,
            "avg": 0.7356485714285715,
            "min": 0,
            "med": 0.3981,
            "p(90)": 2.0944
        },
        "iterations": {
            "count": 35,
            "rate": 0.5500400620107623
        },
        "vus_max": {
            "value": 20,
            "min": 20,
            "max": 20
        },
        "iteration_duration": {
            "avg": 35564.060534285716,
            "min": 4043.3139,
            "med": 55927.8959,
            "p(90)": 60531.26988,
            "p(95)": 60787.84738,
            "p(99)": 60975.78859,
            "max": 61059.5923
        },
        "http_req_duration": {
            "p(99)": 59932.0728,
            "max": 59998.0345,
            "avg": 34558.90443714286,
            "min": 3042.8857,
            "med": 54923.707,
            "p(90)": 59529.56808,
            "p(95)": 59783.24937,
            "thresholds": {
                "p(95)<5000": true
            }
        },
        "http_reqs": {
            "count": 35,
            "rate": 0.5500400620107623
        },
        "http_req_failed": {
            "passes": 1,
            "fails": 34,
            "thresholds": {
                "rate<0.01": true
            },
            "value": 0.02857142857142857
        },
        "http_req_sending": {
            "p(99)": 0.8384379999999985,
            "max": 1.0014,
            "avg": 0.05826857142857143,
            "min": 0,
            "med": 0,
            "p(90)": 0,
            "p(95)": 0.51776
        },
        "http_req_waiting": {
            "p(90)": 59529.56808,
            "p(95)": 59782.79676,
            "p(99)": 59931.559842,
            "max": 59998.0345,
            "avg": 34558.55079428573,
            "min": 3042.3193,
            "med": 54923.707
        },
        "data_received": {
            "count": 10778,
            "rate": 169.38090823862845
        },
        "vus": {
            "max": 20,
            "value": 6,
            "min": 6
        },
        "http_req_connecting": {
            "p(99)": 2.0944,
            "max": 2.0944,
            "avg": 0.7015771428571429,
            "min": 0,
            "med": 0.3981,
            "p(90)": 2.0944,
            "p(95)": 2.0944
        },
        "http_req_tls_handshaking": {
            "avg": 0,
            "min": 0,
            "med": 0,
            "p(90)": 0,
            "p(95)": 0,
            "p(99)": 0,
            "max": 0
        },
        "data_sent": {
            "count": 19075,
            "rate": 299.77183379586546
        },
        "checks": {
            "passes": 102,
            "fails": 3,
            "value": 0.9714285714285714
        }
    },
    "root_group": {
        "name": "",
        "path": "",
        "id": "d41d8cd98f00b204e9800998ecf8427e",
        "groups": {},
        "checks": {
                "status is 200": {
                    "path": "::status is 200",
                    "id": "6210a8cd14cd70477eba5c5e4cb3fb5f",
                    "passes": 34,
                    "fails": 1,
                    "name": "status is 200"
                },
                "business code is 1000": {
                    "name": "business code is 1000",
                    "path": "::business code is 1000",
                    "id": "5edf4452cfb54426124b5821315eb5b5",
                    "passes": 34,
                    "fails": 1
                },
                "sync or async payload is valid": {
                    "fails": 1,
                    "name": "sync or async payload is valid",
                    "path": "::sync or async payload is valid",
                    "id": "e3de00f2012d8323284ab3a74573e3ac",
                    "passes": 34
                }
            }
    }
}