{
    "root_group": {
        "path": "",
        "id": "d41d8cd98f00b204e9800998ecf8427e",
        "groups": {},
        "checks": {
                "status is 200": {
                    "passes": 1080,
                    "fails": 0,
                    "name": "status is 200",
                    "path": "::status is 200",
                    "id": "6210a8cd14cd70477eba5c5e4cb3fb5f"
                },
                "business code is 1000": {
                    "path": "::business code is 1000",
                    "id": "5edf4452cfb54426124b5821315eb5b5",
                    "passes": 1080,
                    "fails": 0,
                    "name": "business code is 1000"
                },
                "sync or async payload is valid": {
                    "id": "e3de00f2012d8323284ab3a74573e3ac",
                    "passes": 1080,
                    "fails": 0,
                    "name": "sync or async payload is valid",
                    "path": "::sync or async payload is valid"
                }
            },
        "name": ""
    },
    "metrics": {
        "http_req_blocked": {
            "avg": 0.12104203703703702,
            "min": 0,
            "med": 0,
            "p(90)": 0,
            "p(95)": 0,
            "p(99)": 6.2367,
            "max": 6.654
        },
        "iteration_duration": {
            "min": 1058.9612,
            "med": 1101.39865,
            "p(90)": 1167.95516,
            "p(95)": 1242.8321099999996,
            "p(99)": 1317.868496,
            "max": 1372.2988,
            "avg": 1115.8567492592576
        },
        "http_req_duration": {
            "p(90)": 161.05396000000002,
            "p(95)": 240.48646499999978,
            "p(99)": 314.205005,
            "max": 370.2404,
            "avg": 113.93939157407421,
            "min": 57.8484,
            "med": 99.86505,
            "thresholds": {
                "p(95)<5000": false
            }
        },
        "vus_max": {
            "value": 20,
            "min": 20,
            "max": 20
        },
        "data_received": {
            "count": 256415,
            "rate": 4250.894185617599
        },
        "http_req_connecting": {
            "p(99)": 6.2367,
            "max": 6.654,
            "avg": 0.11524833333333331,
            "min": 0,
            "med": 0,
            "p(90)": 0,
            "p(95)": 0
        },
        "iterations": {
            "count": 1080,
            "rate": 17.90443507777239
        },
        "http_reqs": {
            "count": 1080,
            "rate": 17.90443507777239
        },
        "http_req_sending": {
            "p(95)": 0,
            "p(99)": 0.5740910000000017,
            "max": 1.3391,
            "avg": 0.024660185185185177,
            "min": 0,
            "med": 0,
            "p(90)": 0
        },
        "http_req_waiting": {
            "p(99)": 314.094671,
            "max": 370.2404,
            "avg": 113.7795292592594,
            "min": 57.3244,
            "med": 99.59415,
            "p(90)": 161.05396000000002,
            "p(95)": 240.48646499999978
        },
        "http_req_duration{expected_response:true}": {
            "p(99)": 314.205005,
            "max": 370.2404,
            "avg": 113.93939157407421,
            "min": 57.8484,
            "med": 99.86505,
            "p(90)": 161.05396000000002,
            "p(95)": 240.48646499999978
        },
        "http_req_tls_handshaking": {
            "p(90)": 0,
            "p(95)": 0,
            "p(99)": 0,
            "max": 0,
            "avg": 0,
            "min": 0,
            "med": 0
        },
        "http_req_receiving": {
            "avg": 0.13520212962962957,
            "min": 0,
            "med": 0,
            "p(90)": 0.5254,
            "p(95)": 0.560165,
            "p(99)": 1.1993790000000015,
            "max": 5.8291
        },
        "http_req_failed": {
            "passes": 0,
            "fails": 1080,
            "thresholds": {
                "rate<0.01": false
            },
            "value": 0
        },
        "checks": {
            "passes": 3240,
            "fails": 0,
            "value": 1
        },
        "vus": {
            "min": 20,
            "max": 20,
            "value": 20
        },
        "data_sent": {
            "count": 596160,
            "rate": 9883.248162930358
        }
    }
}