{
    "root_group": {
        "name": "",
        "path": "",
        "id": "d41d8cd98f00b204e9800998ecf8427e",
        "groups": {},
        "checks": {
                "status is 200": {
                    "name": "status is 200",
                    "path": "::status is 200",
                    "id": "6210a8cd14cd70477eba5c5e4cb3fb5f",
                    "passes": 143,
                    "fails": 0
                },
                "business code is 1000": {
                    "name": "business code is 1000",
                    "path": "::business code is 1000",
                    "id": "5edf4452cfb54426124b5821315eb5b5",
                    "passes": 140,
                    "fails": 3
                },
                "sync or async payload is valid": {
                    "path": "::sync or async payload is valid",
                    "id": "e3de00f2012d8323284ab3a74573e3ac",
                    "passes": 140,
                    "fails": 3,
                    "name": "sync or async payload is valid"
                }
            }
    },
    "metrics": {
        "checks": {
            "passes": 423,
            "fails": 6,
            "value": 0.986013986013986
        },
        "iteration_duration": {
            "min": 2908.8898,
            "med": 8627.008,
            "p(90)": 14597.99774,
            "p(95)": 15137.9686,
            "p(99)": 15511.511174000001,
            "max": 15748.5499,
            "avg": 9198.232766433564
        },
        "http_reqs": {
            "rate": 2.0625615625045604,
            "count": 143
        },
        "http_req_tls_handshaking": {
            "avg": 0,
            "min": 0,
            "med": 0,
            "p(90)": 0,
            "p(95)": 0,
            "p(99)": 0,
            "max": 0
        },
        "http_req_duration{expected_response:true}": {
            "p(99)": 14511.071272000001,
            "max": 14747.5822,
            "avg": 8195.533837062936,
            "min": 1896.6965,
            "med": 7626.8296,
            "p(90)": 13597.06126,
            "p(95)": 14137.425900000002
        },
        "data_received": {
            "rate": 616.922259800315,
            "count": 42772
        },
        "http_req_connecting": {
            "avg": 1.1252006993006993,
            "min": 0,
            "med": 0,
            "p(90)": 5.758399999999993,
            "p(95)": 11.3161,
            "p(99)": 11.3161,
            "max": 11.3161
        },
        "http_req_sending": {
            "p(95)": 0.654,
            "p(99)": 0.8601900000000045,
            "max": 5.1472,
            "avg": 0.11459580419580417,
            "min": 0,
            "med": 0,
            "p(90)": 0.51992
        },
        "http_req_waiting": {
            "min": 1896.1638,
            "med": 7626.8296,
            "p(90)": 13596.444300000001,
            "p(95)": 14136.7077,
            "p(99)": 14510.753374,
            "max": 14747.5822,
            "avg": 8195.188388811186
        },
        "http_req_duration": {
            "avg": 8195.533837062936,
            "min": 1896.6965,
            "med": 7626.8296,
            "p(90)": 13597.06126,
            "p(95)": 14137.425900000002,
            "p(99)": 14511.071272000001,
            "max": 14747.5822,
            "thresholds": {
                "p(95)<5000": true
            }
        },
        "vus": {
            "value": 1,
            "min": 1,
            "max": 20
        },
        "http_req_failed": {
            "passes": 0,
            "fails": 143,
            "thresholds": {
                "rate<0.01": false
            },
            "value": 0
        },
        "vus_max": {
            "value": 20,
            "min": 20,
            "max": 20
        },
        "http_req_blocked": {
            "avg": 1.2186895104895104,
            "min": 0,
            "med": 0,
            "p(90)": 6.931559999999999,
            "p(95)": 11.3161,
            "p(99)": 11.610972000000007,
            "max": 11.8245
        },
        "iterations": {
            "count": 143,
            "rate": 2.0625615625045604
        },
        "http_req_receiving": {
            "p(95)": 0.8951700000000004,
            "p(99)": 1.2677620000000054,
            "max": 3.7406,
            "avg": 0.23085244755244752,
            "min": 0,
            "med": 0,
            "p(90)": 0.7574799999999999
        },
        "data_sent": {
            "count": 77935,
            "rate": 1124.0960515649854
        }
    }
}