{
    "root_group": {
        "name": "",
        "path": "",
        "id": "d41d8cd98f00b204e9800998ecf8427e",
        "groups": {},
        "checks": {
                "status is 200": {
                    "name": "status is 200",
                    "path": "::status is 200",
                    "id": "6210a8cd14cd70477eba5c5e4cb3fb5f",
                    "passes": 391,
                    "fails": 0
                },
                "business code is 1000": {
                    "id": "5edf4452cfb54426124b5821315eb5b5",
                    "passes": 391,
                    "fails": 0,
                    "name": "business code is 1000",
                    "path": "::business code is 1000"
                },
                "sync or async payload is valid": {
                    "path": "::sync or async payload is valid",
                    "id": "e3de00f2012d8323284ab3a74573e3ac",
                    "passes": 391,
                    "fails": 0,
                    "name": "sync or async payload is valid"
                }
            }
    },
    "metrics": {
        "http_req_tls_handshaking": {
            "p(90)": 0,
            "p(95)": 0,
            "p(99)": 0,
            "max": 0,
            "avg": 0,
            "min": 0,
            "med": 0
        },
        "iterations": {
            "count": 391,
            "rate": 6.303740455471914
        },
        "http_req_connecting": {
            "min": 0,
            "med": 0,
            "p(90)": 0,
            "p(95)": 0,
            "p(99)": 1.6897,
            "max": 1.6897,
            "avg": 0.05027186700767263
        },
        "http_req_duration{expected_response:true}": {
            "avg": 2125.949419693094,
            "min": 689.2289,
            "med": 1575.8054,
            "p(90)": 3808.404,
            "p(95)": 4157.07415,
            "p(99)": 5194.6149400000295,
            "max": 15934.6226
        },
        "http_req_duration": {
            "med": 1575.8054,
            "p(90)": 3808.404,
            "p(95)": 4157.07415,
            "p(99)": 5194.6149400000295,
            "max": 15934.6226,
            "avg": 2125.949419693094,
            "min": 689.2289,
            "thresholds": {
                "p(95)<5000": false
            }
        },
        "http_reqs": {
            "count": 391,
            "rate": 6.303740455471914
        },
        "iteration_duration": {
            "avg": 3128.606410997444,
            "min": 1690.4507,
            "med": 2581.602,
            "p(90)": 4811.5834,
            "p(95)": 5159.8555,
            "p(99)": 6198.163020000029,
            "max": 16939.4316
        },
        "data_sent": {
            "count": 213095,
            "rate": 3435.538548232193
        },
        "data_received": {
            "count": 121955,
            "rate": 1966.1705044682283
        },
        "checks": {
            "passes": 1173,
            "fails": 0,
            "value": 1
        },
        "http_req_failed": {
            "fails": 391,
            "passes": 0,
            "thresholds": {
                "rate<0.01": false
            },
            "value": 0
        },
        "vus": {
            "value": 1,
            "min": 1,
            "max": 20
        },
        "vus_max": {
            "value": 20,
            "min": 20,
            "max": 20
        },
        "http_req_sending": {
            "p(90)": 0,
            "p(95)": 0.25445,
            "p(99)": 2.2245,
            "max": 2.7995,
            "avg": 0.08455268542199489,
            "min": 0,
            "med": 0
        },
        "http_req_receiving": {
            "med": 0,
            "p(90)": 0.9197,
            "p(95)": 1.01165,
            "p(99)": 1.9354700000000016,
            "max": 7.4194,
            "avg": 0.3216997442455243,
            "min": 0
        },
        "http_req_blocked": {
            "avg": 0.10958005115089516,
            "min": 0,
            "med": 0,
            "p(90)": 0,
            "p(95)": 0.5488,
            "p(99)": 3.3196,
            "max": 4.4892
        },
        "http_req_waiting": {
            "avg": 2125.543167263427,
            "min": 685.2764,
            "med": 1575.8054,
            "p(90)": 3808.404,
            "p(95)": 4157.07415,
            "p(99)": 5194.514540000029,
            "max": 15934.0153
        }
    }
}