{
    "root_group": {
        "name": "",
        "path": "",
        "id": "d41d8cd98f00b204e9800998ecf8427e",
        "groups": {},
        "checks": {
                "status is 200": {
                    "name": "status is 200",
                    "path": "::status is 200",
                    "id": "6210a8cd14cd70477eba5c5e4cb3fb5f",
                    "passes": 2769,
                    "fails": 0
                },
                "body contains rows": {
                    "name": "body contains rows",
                    "path": "::body contains rows",
                    "id": "dfa91d6082908b8c431af420b9aec2df",
                    "passes": 2769,
                    "fails": 0
                }
            }
    },
    "metrics": {
        "http_req_connecting": {
            "p(99)": 0.1672640000000856,
            "max": 21.2807,
            "avg": 0.08064499819429398,
            "min": 0,
            "med": 0,
            "p(90)": 0,
            "p(95)": 0
        },
        "http_req_duration{expected_response:true}": {
            "p(90)": 113.97304,
            "p(95)": 143.83507999999998,
            "p(99)": 234.30864000000287,
            "max": 385.0934,
            "avg": 90.0899109064644,
            "min": 49.7487,
            "med": 83.6176
        },
        "http_req_tls_handshaking": {
            "avg": 0,
            "min": 0,
            "med": 0,
            "p(90)": 0,
            "p(95)": 0,
            "p(99)": 0,
            "max": 0
        },
        "iteration_duration": {
            "p(99)": 1242.772416000001,
            "max": 1388.4022,
            "avg": 1091.3187386421082,
            "min": 1050.2942,
            "med": 1084.6787,
            "p(90)": 1115.34952,
            "p(95)": 1144.6110399999998
        },
        "data_sent": {
            "rate": 6844.881794271301,
            "count": 418119
        },
        "http_req_failed": {
            "passes": 0,
            "fails": 2769,
            "thresholds": {
                "rate<0.01": false
            },
            "value": 0
        },
        "vus": {
            "min": 15,
            "max": 50,
            "value": 15
        },
        "http_req_blocked": {
            "p(95)": 0,
            "p(99)": 0.7615,
            "max": 21.2807,
            "avg": 0.09664362585771037,
            "min": 0,
            "med": 0,
            "p(90)": 0
        },
        "data_received": {
            "count": 1221135,
            "rate": 19990.779490641387
        },
        "iterations": {
            "count": 2769,
            "rate": 45.33034300841921
        },
        "checks": {
            "passes": 5538,
            "fails": 0,
            "value": 1
        },
        "http_reqs": {
            "rate": 45.33034300841921,
            "count": 2769
        },
        "http_req_duration": {
            "avg": 90.0899109064644,
            "min": 49.7487,
            "med": 83.6176,
            "p(90)": 113.97304,
            "p(95)": 143.83507999999998,
            "p(99)": 234.30864000000287,
            "max": 385.0934,
            "thresholds": {
                "p(95)<2000": false
            }
        },
        "http_req_waiting": {
            "avg": 89.89585193210539,
            "min": 49.4115,
            "med": 83.3832,
            "p(90)": 113.75722000000002,
            "p(95)": 143.55847999999997,
            "p(99)": 234.30864000000287,
            "max": 385.0934
        },
        "http_req_receiving": {
            "avg": 0.17956717226435534,
            "min": 0,
            "med": 0,
            "p(90)": 0.53432,
            "p(95)": 0.5864199999999999,
            "p(99)": 1.5091640000000024,
            "max": 32.8262
        },
        "http_req_sending": {
            "p(99)": 0.5337040000000004,
            "max": 5.6755,
            "avg": 0.014491802094618996,
            "min": 0,
            "med": 0,
            "p(90)": 0,
            "p(95)": 0
        },
        "vus_max": {
            "value": 50,
            "min": 50,
            "max": 50
        }
    }
}